"countries","rank","gdp billinors"
"United States","1","22,996.1"
"United States","1","17,734.1"
"United States","1","4,937.4"
"United States","1","4,223.1"
"United States","1","3,186.9"
"United States","1","3,173.4"
"United States","1","2,937.5"
"United States","1","2,099.9"
"United States","1","1,990.8"
"United States","1","1,798.5"
"United States","1","1,775.8"
"United States","1","1,609.0"
"United States","1","1,542.7"
"United States","1","1,425.3"
"United States","1","1,293.0"
"United States","1","1,186.1"
"United States","1","1,018.0"
"United States","1","833.5"
"United States","1","815.3"
"United States","1","812.9"
"United States","1","674.0"
"United States","1","627.4"
"United States","1","599.9"
"United States","1","506.0"
"United States","1","498.6"
"United States","1","491.5"
"United States","1","482.4"
"United States","1","482.4"
"United States","1","481.6"
"United States","1","477.1"
"United States","1","440.8"
"United States","1","419.9"
"United States","1","416.3"
"United States","1","404.1"
"United States","1","397.1"
"United States","1","397.0"
"United States","1","394.1"
"United States","1","372.7"
"United States","1","368.1"
"United States","1","362.6"
"United States","1","358.9"
"United States","1","346.3"
"United States","1","317.1"
"United States","1","314.3"
"United States","1","299.2"
"United States","1","284.1"
"United States","1","282.3"
"United States","1","250.0"
"United States","1","249.9"
"United States","1","231.5"
"China","2","22,996.1"
"China","2","17,734.1"
"China","2","4,937.4"
"China","2","4,223.1"
"China","2","3,186.9"
"China","2","3,173.4"
"China","2","2,937.5"
"China","2","2,099.9"
"China","2","1,990.8"
"China","2","1,798.5"
"China","2","1,775.8"
"China","2","1,609.0"
"China","2","1,542.7"
"China","2","1,425.3"
"China","2","1,293.0"
"China","2","1,186.1"
"China","2","1,018.0"
"China","2","833.5"
"China","2","815.3"
"China","2","812.9"
"China","2","674.0"
"China","2","627.4"
"China","2","599.9"
"China","2","506.0"
"China","2","498.6"
"China","2","491.5"
"China","2","482.4"
"China","2","482.4"
"China","2","481.6"
"China","2","477.1"
"China","2","440.8"
"China","2","419.9"
"China","2","416.3"
"China","2","404.1"
"China","2","397.1"
"China","2","397.0"
"China","2","394.1"
"China","2","372.7"
"China","2","368.1"
"China","2","362.6"
"China","2","358.9"
"China","2","346.3"
"China","2","317.1"
"China","2","314.3"
"China","2","299.2"
"China","2","284.1"
"China","2","282.3"
"China","2","250.0"
"China","2","249.9"
"China","2","231.5"
"Japan","3","22,996.1"
"Japan","3","17,734.1"
"Japan","3","4,937.4"
"Japan","3","4,223.1"
"Japan","3","3,186.9"
"Japan","3","3,173.4"
"Japan","3","2,937.5"
"Japan","3","2,099.9"
"Japan","3","1,990.8"
"Japan","3","1,798.5"
"Japan","3","1,775.8"
"Japan","3","1,609.0"
"Japan","3","1,542.7"
"Japan","3","1,425.3"
"Japan","3","1,293.0"
"Japan","3","1,186.1"
"Japan","3","1,018.0"
"Japan","3","833.5"
"Japan","3","815.3"
"Japan","3","812.9"
"Japan","3","674.0"
"Japan","3","627.4"
"Japan","3","599.9"
"Japan","3","506.0"
"Japan","3","498.6"
"Japan","3","491.5"
"Japan","3","482.4"
"Japan","3","482.4"
"Japan","3","481.6"
"Japan","3","477.1"
"Japan","3","440.8"
"Japan","3","419.9"
"Japan","3","416.3"
"Japan","3","404.1"
"Japan","3","397.1"
"Japan","3","397.0"
"Japan","3","394.1"
"Japan","3","372.7"
"Japan","3","368.1"
"Japan","3","362.6"
"Japan","3","358.9"
"Japan","3","346.3"
"Japan","3","317.1"
"Japan","3","314.3"
"Japan","3","299.2"
"Japan","3","284.1"
"Japan","3","282.3"
"Japan","3","250.0"
"Japan","3","249.9"
"Japan","3","231.5"
"Germany","4","22,996.1"
"Germany","4","17,734.1"
"Germany","4","4,937.4"
"Germany","4","4,223.1"
"Germany","4","3,186.9"
"Germany","4","3,173.4"
"Germany","4","2,937.5"
"Germany","4","2,099.9"
"Germany","4","1,990.8"
"Germany","4","1,798.5"
"Germany","4","1,775.8"
"Germany","4","1,609.0"
"Germany","4","1,542.7"
"Germany","4","1,425.3"
"Germany","4","1,293.0"
"Germany","4","1,186.1"
"Germany","4","1,018.0"
"Germany","4","833.5"
"Germany","4","815.3"
"Germany","4","812.9"
"Germany","4","674.0"
"Germany","4","627.4"
"Germany","4","599.9"
"Germany","4","506.0"
"Germany","4","498.6"
"Germany","4","491.5"
"Germany","4","482.4"
"Germany","4","482.4"
"Germany","4","481.6"
"Germany","4","477.1"
"Germany","4","440.8"
"Germany","4","419.9"
"Germany","4","416.3"
"Germany","4","404.1"
"Germany","4","397.1"
"Germany","4","397.0"
"Germany","4","394.1"
"Germany","4","372.7"
"Germany","4","368.1"
"Germany","4","362.6"
"Germany","4","358.9"
"Germany","4","346.3"
"Germany","4","317.1"
"Germany","4","314.3"
"Germany","4","299.2"
"Germany","4","284.1"
"Germany","4","282.3"
"Germany","4","250.0"
"Germany","4","249.9"
"Germany","4","231.5"
"United Kingdom","5","22,996.1"
"United Kingdom","5","17,734.1"
"United Kingdom","5","4,937.4"
"United Kingdom","5","4,223.1"
"United Kingdom","5","3,186.9"
"United Kingdom","5","3,173.4"
"United Kingdom","5","2,937.5"
"United Kingdom","5","2,099.9"
"United Kingdom","5","1,990.8"
"United Kingdom","5","1,798.5"
"United Kingdom","5","1,775.8"
"United Kingdom","5","1,609.0"
"United Kingdom","5","1,542.7"
"United Kingdom","5","1,425.3"
"United Kingdom","5","1,293.0"
"United Kingdom","5","1,186.1"
"United Kingdom","5","1,018.0"
"United Kingdom","5","833.5"
"United Kingdom","5","815.3"
"United Kingdom","5","812.9"
"United Kingdom","5","674.0"
"United Kingdom","5","627.4"
"United Kingdom","5","599.9"
"United Kingdom","5","506.0"
"United Kingdom","5","498.6"
"United Kingdom","5","491.5"
"United Kingdom","5","482.4"
"United Kingdom","5","482.4"
"United Kingdom","5","481.6"
"United Kingdom","5","477.1"
"United Kingdom","5","440.8"
"United Kingdom","5","419.9"
"United Kingdom","5","416.3"
"United Kingdom","5","404.1"
"United Kingdom","5","397.1"
"United Kingdom","5","397.0"
"United Kingdom","5","394.1"
"United Kingdom","5","372.7"
"United Kingdom","5","368.1"
"United Kingdom","5","362.6"
"United Kingdom","5","358.9"
"United Kingdom","5","346.3"
"United Kingdom","5","317.1"
"United Kingdom","5","314.3"
"United Kingdom","5","299.2"
"United Kingdom","5","284.1"
"United Kingdom","5","282.3"
"United Kingdom","5","250.0"
"United Kingdom","5","249.9"
"United Kingdom","5","231.5"
"India","6","22,996.1"
"India","6","17,734.1"
"India","6","4,937.4"
"India","6","4,223.1"
"India","6","3,186.9"
"India","6","3,173.4"
"India","6","2,937.5"
"India","6","2,099.9"
"India","6","1,990.8"
"India","6","1,798.5"
"India","6","1,775.8"
"India","6","1,609.0"
"India","6","1,542.7"
"India","6","1,425.3"
"India","6","1,293.0"
"India","6","1,186.1"
"India","6","1,018.0"
"India","6","833.5"
"India","6","815.3"
"India","6","812.9"
"India","6","674.0"
"India","6","627.4"
"India","6","599.9"
"India","6","506.0"
"India","6","498.6"
"India","6","491.5"
"India","6","482.4"
"India","6","482.4"
"India","6","481.6"
"India","6","477.1"
"India","6","440.8"
"India","6","419.9"
"India","6","416.3"
"India","6","404.1"
"India","6","397.1"
"India","6","397.0"
"India","6","394.1"
"India","6","372.7"
"India","6","368.1"
"India","6","362.6"
"India","6","358.9"
"India","6","346.3"
"India","6","317.1"
"India","6","314.3"
"India","6","299.2"
"India","6","284.1"
"India","6","282.3"
"India","6","250.0"
"India","6","249.9"
"India","6","231.5"
"France","7","22,996.1"
"France","7","17,734.1"
"France","7","4,937.4"
"France","7","4,223.1"
"France","7","3,186.9"
"France","7","3,173.4"
"France","7","2,937.5"
"France","7","2,099.9"
"France","7","1,990.8"
"France","7","1,798.5"
"France","7","1,775.8"
"France","7","1,609.0"
"France","7","1,542.7"
"France","7","1,425.3"
"France","7","1,293.0"
"France","7","1,186.1"
"France","7","1,018.0"
"France","7","833.5"
"France","7","815.3"
"France","7","812.9"
"France","7","674.0"
"France","7","627.4"
"France","7","599.9"
"France","7","506.0"
"France","7","498.6"
"France","7","491.5"
"France","7","482.4"
"France","7","482.4"
"France","7","481.6"
"France","7","477.1"
"France","7","440.8"
"France","7","419.9"
"France","7","416.3"
"France","7","404.1"
"France","7","397.1"
"France","7","397.0"
"France","7","394.1"
"France","7","372.7"
"France","7","368.1"
"France","7","362.6"
"France","7","358.9"
"France","7","346.3"
"France","7","317.1"
"France","7","314.3"
"France","7","299.2"
"France","7","284.1"
"France","7","282.3"
"France","7","250.0"
"France","7","249.9"
"France","7","231.5"
"Italy","8","22,996.1"
"Italy","8","17,734.1"
"Italy","8","4,937.4"
"Italy","8","4,223.1"
"Italy","8","3,186.9"
"Italy","8","3,173.4"
"Italy","8","2,937.5"
"Italy","8","2,099.9"
"Italy","8","1,990.8"
"Italy","8","1,798.5"
"Italy","8","1,775.8"
"Italy","8","1,609.0"
"Italy","8","1,542.7"
"Italy","8","1,425.3"
"Italy","8","1,293.0"
"Italy","8","1,186.1"
"Italy","8","1,018.0"
"Italy","8","833.5"
"Italy","8","815.3"
"Italy","8","812.9"
"Italy","8","674.0"
"Italy","8","627.4"
"Italy","8","599.9"
"Italy","8","506.0"
"Italy","8","498.6"
"Italy","8","491.5"
"Italy","8","482.4"
"Italy","8","482.4"
"Italy","8","481.6"
"Italy","8","477.1"
"Italy","8","440.8"
"Italy","8","419.9"
"Italy","8","416.3"
"Italy","8","404.1"
"Italy","8","397.1"
"Italy","8","397.0"
"Italy","8","394.1"
"Italy","8","372.7"
"Italy","8","368.1"
"Italy","8","362.6"
"Italy","8","358.9"
"Italy","8","346.3"
"Italy","8","317.1"
"Italy","8","314.3"
"Italy","8","299.2"
"Italy","8","284.1"
"Italy","8","282.3"
"Italy","8","250.0"
"Italy","8","249.9"
"Italy","8","231.5"
"Canada","9","22,996.1"
"Canada","9","17,734.1"
"Canada","9","4,937.4"
"Canada","9","4,223.1"
"Canada","9","3,186.9"
"Canada","9","3,173.4"
"Canada","9","2,937.5"
"Canada","9","2,099.9"
"Canada","9","1,990.8"
"Canada","9","1,798.5"
"Canada","9","1,775.8"
"Canada","9","1,609.0"
"Canada","9","1,542.7"
"Canada","9","1,425.3"
"Canada","9","1,293.0"
"Canada","9","1,186.1"
"Canada","9","1,018.0"
"Canada","9","833.5"
"Canada","9","815.3"
"Canada","9","812.9"
"Canada","9","674.0"
"Canada","9","627.4"
"Canada","9","599.9"
"Canada","9","506.0"
"Canada","9","498.6"
"Canada","9","491.5"
"Canada","9","482.4"
"Canada","9","482.4"
"Canada","9","481.6"
"Canada","9","477.1"
"Canada","9","440.8"
"Canada","9","419.9"
"Canada","9","416.3"
"Canada","9","404.1"
"Canada","9","397.1"
"Canada","9","397.0"
"Canada","9","394.1"
"Canada","9","372.7"
"Canada","9","368.1"
"Canada","9","362.6"
"Canada","9","358.9"
"Canada","9","346.3"
"Canada","9","317.1"
"Canada","9","314.3"
"Canada","9","299.2"
"Canada","9","284.1"
"Canada","9","282.3"
"Canada","9","250.0"
"Canada","9","249.9"
"Canada","9","231.5"
"South Korea","10","22,996.1"
"South Korea","10","17,734.1"
"South Korea","10","4,937.4"
"South Korea","10","4,223.1"
"South Korea","10","3,186.9"
"South Korea","10","3,173.4"
"South Korea","10","2,937.5"
"South Korea","10","2,099.9"
"South Korea","10","1,990.8"
"South Korea","10","1,798.5"
"South Korea","10","1,775.8"
"South Korea","10","1,609.0"
"South Korea","10","1,542.7"
"South Korea","10","1,425.3"
"South Korea","10","1,293.0"
"South Korea","10","1,186.1"
"South Korea","10","1,018.0"
"South Korea","10","833.5"
"South Korea","10","815.3"
"South Korea","10","812.9"
"South Korea","10","674.0"
"South Korea","10","627.4"
"South Korea","10","599.9"
"South Korea","10","506.0"
"South Korea","10","498.6"
"South Korea","10","491.5"
"South Korea","10","482.4"
"South Korea","10","482.4"
"South Korea","10","481.6"
"South Korea","10","477.1"
"South Korea","10","440.8"
"South Korea","10","419.9"
"South Korea","10","416.3"
"South Korea","10","404.1"
"South Korea","10","397.1"
"South Korea","10","397.0"
"South Korea","10","394.1"
"South Korea","10","372.7"
"South Korea","10","368.1"
"South Korea","10","362.6"
"South Korea","10","358.9"
"South Korea","10","346.3"
"South Korea","10","317.1"
"South Korea","10","314.3"
"South Korea","10","299.2"
"South Korea","10","284.1"
"South Korea","10","282.3"
"South Korea","10","250.0"
"South Korea","10","249.9"
"South Korea","10","231.5"
"Russia","11","22,996.1"
"Russia","11","17,734.1"
"Russia","11","4,937.4"
"Russia","11","4,223.1"
"Russia","11","3,186.9"
"Russia","11","3,173.4"
"Russia","11","2,937.5"
"Russia","11","2,099.9"
"Russia","11","1,990.8"
"Russia","11","1,798.5"
"Russia","11","1,775.8"
"Russia","11","1,609.0"
"Russia","11","1,542.7"
"Russia","11","1,425.3"
"Russia","11","1,293.0"
"Russia","11","1,186.1"
"Russia","11","1,018.0"
"Russia","11","833.5"
"Russia","11","815.3"
"Russia","11","812.9"
"Russia","11","674.0"
"Russia","11","627.4"
"Russia","11","599.9"
"Russia","11","506.0"
"Russia","11","498.6"
"Russia","11","491.5"
"Russia","11","482.4"
"Russia","11","482.4"
"Russia","11","481.6"
"Russia","11","477.1"
"Russia","11","440.8"
"Russia","11","419.9"
"Russia","11","416.3"
"Russia","11","404.1"
"Russia","11","397.1"
"Russia","11","397.0"
"Russia","11","394.1"
"Russia","11","372.7"
"Russia","11","368.1"
"Russia","11","362.6"
"Russia","11","358.9"
"Russia","11","346.3"
"Russia","11","317.1"
"Russia","11","314.3"
"Russia","11","299.2"
"Russia","11","284.1"
"Russia","11","282.3"
"Russia","11","250.0"
"Russia","11","249.9"
"Russia","11","231.5"
"Brazil","12","22,996.1"
"Brazil","12","17,734.1"
"Brazil","12","4,937.4"
"Brazil","12","4,223.1"
"Brazil","12","3,186.9"
"Brazil","12","3,173.4"
"Brazil","12","2,937.5"
"Brazil","12","2,099.9"
"Brazil","12","1,990.8"
"Brazil","12","1,798.5"
"Brazil","12","1,775.8"
"Brazil","12","1,609.0"
"Brazil","12","1,542.7"
"Brazil","12","1,425.3"
"Brazil","12","1,293.0"
"Brazil","12","1,186.1"
"Brazil","12","1,018.0"
"Brazil","12","833.5"
"Brazil","12","815.3"
"Brazil","12","812.9"
"Brazil","12","674.0"
"Brazil","12","627.4"
"Brazil","12","599.9"
"Brazil","12","506.0"
"Brazil","12","498.6"
"Brazil","12","491.5"
"Brazil","12","482.4"
"Brazil","12","482.4"
"Brazil","12","481.6"
"Brazil","12","477.1"
"Brazil","12","440.8"
"Brazil","12","419.9"
"Brazil","12","416.3"
"Brazil","12","404.1"
"Brazil","12","397.1"
"Brazil","12","397.0"
"Brazil","12","394.1"
"Brazil","12","372.7"
"Brazil","12","368.1"
"Brazil","12","362.6"
"Brazil","12","358.9"
"Brazil","12","346.3"
"Brazil","12","317.1"
"Brazil","12","314.3"
"Brazil","12","299.2"
"Brazil","12","284.1"
"Brazil","12","282.3"
"Brazil","12","250.0"
"Brazil","12","249.9"
"Brazil","12","231.5"
"Australia","13","22,996.1"
"Australia","13","17,734.1"
"Australia","13","4,937.4"
"Australia","13","4,223.1"
"Australia","13","3,186.9"
"Australia","13","3,173.4"
"Australia","13","2,937.5"
"Australia","13","2,099.9"
"Australia","13","1,990.8"
"Australia","13","1,798.5"
"Australia","13","1,775.8"
"Australia","13","1,609.0"
"Australia","13","1,542.7"
"Australia","13","1,425.3"
"Australia","13","1,293.0"
"Australia","13","1,186.1"
"Australia","13","1,018.0"
"Australia","13","833.5"
"Australia","13","815.3"
"Australia","13","812.9"
"Australia","13","674.0"
"Australia","13","627.4"
"Australia","13","599.9"
"Australia","13","506.0"
"Australia","13","498.6"
"Australia","13","491.5"
"Australia","13","482.4"
"Australia","13","482.4"
"Australia","13","481.6"
"Australia","13","477.1"
"Australia","13","440.8"
"Australia","13","419.9"
"Australia","13","416.3"
"Australia","13","404.1"
"Australia","13","397.1"
"Australia","13","397.0"
"Australia","13","394.1"
"Australia","13","372.7"
"Australia","13","368.1"
"Australia","13","362.6"
"Australia","13","358.9"
"Australia","13","346.3"
"Australia","13","317.1"
"Australia","13","314.3"
"Australia","13","299.2"
"Australia","13","284.1"
"Australia","13","282.3"
"Australia","13","250.0"
"Australia","13","249.9"
"Australia","13","231.5"
"Spain","14","22,996.1"
"Spain","14","17,734.1"
"Spain","14","4,937.4"
"Spain","14","4,223.1"
"Spain","14","3,186.9"
"Spain","14","3,173.4"
"Spain","14","2,937.5"
"Spain","14","2,099.9"
"Spain","14","1,990.8"
"Spain","14","1,798.5"
"Spain","14","1,775.8"
"Spain","14","1,609.0"
"Spain","14","1,542.7"
"Spain","14","1,425.3"
"Spain","14","1,293.0"
"Spain","14","1,186.1"
"Spain","14","1,018.0"
"Spain","14","833.5"
"Spain","14","815.3"
"Spain","14","812.9"
"Spain","14","674.0"
"Spain","14","627.4"
"Spain","14","599.9"
"Spain","14","506.0"
"Spain","14","498.6"
"Spain","14","491.5"
"Spain","14","482.4"
"Spain","14","482.4"
"Spain","14","481.6"
"Spain","14","477.1"
"Spain","14","440.8"
"Spain","14","419.9"
"Spain","14","416.3"
"Spain","14","404.1"
"Spain","14","397.1"
"Spain","14","397.0"
"Spain","14","394.1"
"Spain","14","372.7"
"Spain","14","368.1"
"Spain","14","362.6"
"Spain","14","358.9"
"Spain","14","346.3"
"Spain","14","317.1"
"Spain","14","314.3"
"Spain","14","299.2"
"Spain","14","284.1"
"Spain","14","282.3"
"Spain","14","250.0"
"Spain","14","249.9"
"Spain","14","231.5"
"Mexico","15","22,996.1"
"Mexico","15","17,734.1"
"Mexico","15","4,937.4"
"Mexico","15","4,223.1"
"Mexico","15","3,186.9"
"Mexico","15","3,173.4"
"Mexico","15","2,937.5"
"Mexico","15","2,099.9"
"Mexico","15","1,990.8"
"Mexico","15","1,798.5"
"Mexico","15","1,775.8"
"Mexico","15","1,609.0"
"Mexico","15","1,542.7"
"Mexico","15","1,425.3"
"Mexico","15","1,293.0"
"Mexico","15","1,186.1"
"Mexico","15","1,018.0"
"Mexico","15","833.5"
"Mexico","15","815.3"
"Mexico","15","812.9"
"Mexico","15","674.0"
"Mexico","15","627.4"
"Mexico","15","599.9"
"Mexico","15","506.0"
"Mexico","15","498.6"
"Mexico","15","491.5"
"Mexico","15","482.4"
"Mexico","15","482.4"
"Mexico","15","481.6"
"Mexico","15","477.1"
"Mexico","15","440.8"
"Mexico","15","419.9"
"Mexico","15","416.3"
"Mexico","15","404.1"
"Mexico","15","397.1"
"Mexico","15","397.0"
"Mexico","15","394.1"
"Mexico","15","372.7"
"Mexico","15","368.1"
"Mexico","15","362.6"
"Mexico","15","358.9"
"Mexico","15","346.3"
"Mexico","15","317.1"
"Mexico","15","314.3"
"Mexico","15","299.2"
"Mexico","15","284.1"
"Mexico","15","282.3"
"Mexico","15","250.0"
"Mexico","15","249.9"
"Mexico","15","231.5"
"Indonesia","16","22,996.1"
"Indonesia","16","17,734.1"
"Indonesia","16","4,937.4"
"Indonesia","16","4,223.1"
"Indonesia","16","3,186.9"
"Indonesia","16","3,173.4"
"Indonesia","16","2,937.5"
"Indonesia","16","2,099.9"
"Indonesia","16","1,990.8"
"Indonesia","16","1,798.5"
"Indonesia","16","1,775.8"
"Indonesia","16","1,609.0"
"Indonesia","16","1,542.7"
"Indonesia","16","1,425.3"
"Indonesia","16","1,293.0"
"Indonesia","16","1,186.1"
"Indonesia","16","1,018.0"
"Indonesia","16","833.5"
"Indonesia","16","815.3"
"Indonesia","16","812.9"
"Indonesia","16","674.0"
"Indonesia","16","627.4"
"Indonesia","16","599.9"
"Indonesia","16","506.0"
"Indonesia","16","498.6"
"Indonesia","16","491.5"
"Indonesia","16","482.4"
"Indonesia","16","482.4"
"Indonesia","16","481.6"
"Indonesia","16","477.1"
"Indonesia","16","440.8"
"Indonesia","16","419.9"
"Indonesia","16","416.3"
"Indonesia","16","404.1"
"Indonesia","16","397.1"
"Indonesia","16","397.0"
"Indonesia","16","394.1"
"Indonesia","16","372.7"
"Indonesia","16","368.1"
"Indonesia","16","362.6"
"Indonesia","16","358.9"
"Indonesia","16","346.3"
"Indonesia","16","317.1"
"Indonesia","16","314.3"
"Indonesia","16","299.2"
"Indonesia","16","284.1"
"Indonesia","16","282.3"
"Indonesia","16","250.0"
"Indonesia","16","249.9"
"Indonesia","16","231.5"
"Netherlands","17","22,996.1"
"Netherlands","17","17,734.1"
"Netherlands","17","4,937.4"
"Netherlands","17","4,223.1"
"Netherlands","17","3,186.9"
"Netherlands","17","3,173.4"
"Netherlands","17","2,937.5"
"Netherlands","17","2,099.9"
"Netherlands","17","1,990.8"
"Netherlands","17","1,798.5"
"Netherlands","17","1,775.8"
"Netherlands","17","1,609.0"
"Netherlands","17","1,542.7"
"Netherlands","17","1,425.3"
"Netherlands","17","1,293.0"
"Netherlands","17","1,186.1"
"Netherlands","17","1,018.0"
"Netherlands","17","833.5"
"Netherlands","17","815.3"
"Netherlands","17","812.9"
"Netherlands","17","674.0"
"Netherlands","17","627.4"
"Netherlands","17","599.9"
"Netherlands","17","506.0"
"Netherlands","17","498.6"
"Netherlands","17","491.5"
"Netherlands","17","482.4"
"Netherlands","17","482.4"
"Netherlands","17","481.6"
"Netherlands","17","477.1"
"Netherlands","17","440.8"
"Netherlands","17","419.9"
"Netherlands","17","416.3"
"Netherlands","17","404.1"
"Netherlands","17","397.1"
"Netherlands","17","397.0"
"Netherlands","17","394.1"
"Netherlands","17","372.7"
"Netherlands","17","368.1"
"Netherlands","17","362.6"
"Netherlands","17","358.9"
"Netherlands","17","346.3"
"Netherlands","17","317.1"
"Netherlands","17","314.3"
"Netherlands","17","299.2"
"Netherlands","17","284.1"
"Netherlands","17","282.3"
"Netherlands","17","250.0"
"Netherlands","17","249.9"
"Netherlands","17","231.5"
"Saudi Arabia","18","22,996.1"
"Saudi Arabia","18","17,734.1"
"Saudi Arabia","18","4,937.4"
"Saudi Arabia","18","4,223.1"
"Saudi Arabia","18","3,186.9"
"Saudi Arabia","18","3,173.4"
"Saudi Arabia","18","2,937.5"
"Saudi Arabia","18","2,099.9"
"Saudi Arabia","18","1,990.8"
"Saudi Arabia","18","1,798.5"
"Saudi Arabia","18","1,775.8"
"Saudi Arabia","18","1,609.0"
"Saudi Arabia","18","1,542.7"
"Saudi Arabia","18","1,425.3"
"Saudi Arabia","18","1,293.0"
"Saudi Arabia","18","1,186.1"
"Saudi Arabia","18","1,018.0"
"Saudi Arabia","18","833.5"
"Saudi Arabia","18","815.3"
"Saudi Arabia","18","812.9"
"Saudi Arabia","18","674.0"
"Saudi Arabia","18","627.4"
"Saudi Arabia","18","599.9"
"Saudi Arabia","18","506.0"
"Saudi Arabia","18","498.6"
"Saudi Arabia","18","491.5"
"Saudi Arabia","18","482.4"
"Saudi Arabia","18","482.4"
"Saudi Arabia","18","481.6"
"Saudi Arabia","18","477.1"
"Saudi Arabia","18","440.8"
"Saudi Arabia","18","419.9"
"Saudi Arabia","18","416.3"
"Saudi Arabia","18","404.1"
"Saudi Arabia","18","397.1"
"Saudi Arabia","18","397.0"
"Saudi Arabia","18","394.1"
"Saudi Arabia","18","372.7"
"Saudi Arabia","18","368.1"
"Saudi Arabia","18","362.6"
"Saudi Arabia","18","358.9"
"Saudi Arabia","18","346.3"
"Saudi Arabia","18","317.1"
"Saudi Arabia","18","314.3"
"Saudi Arabia","18","299.2"
"Saudi Arabia","18","284.1"
"Saudi Arabia","18","282.3"
"Saudi Arabia","18","250.0"
"Saudi Arabia","18","249.9"
"Saudi Arabia","18","231.5"
"Turkey","19","22,996.1"
"Turkey","19","17,734.1"
"Turkey","19","4,937.4"
"Turkey","19","4,223.1"
"Turkey","19","3,186.9"
"Turkey","19","3,173.4"
"Turkey","19","2,937.5"
"Turkey","19","2,099.9"
"Turkey","19","1,990.8"
"Turkey","19","1,798.5"
"Turkey","19","1,775.8"
"Turkey","19","1,609.0"
"Turkey","19","1,542.7"
"Turkey","19","1,425.3"
"Turkey","19","1,293.0"
"Turkey","19","1,186.1"
"Turkey","19","1,018.0"
"Turkey","19","833.5"
"Turkey","19","815.3"
"Turkey","19","812.9"
"Turkey","19","674.0"
"Turkey","19","627.4"
"Turkey","19","599.9"
"Turkey","19","506.0"
"Turkey","19","498.6"
"Turkey","19","491.5"
"Turkey","19","482.4"
"Turkey","19","482.4"
"Turkey","19","481.6"
"Turkey","19","477.1"
"Turkey","19","440.8"
"Turkey","19","419.9"
"Turkey","19","416.3"
"Turkey","19","404.1"
"Turkey","19","397.1"
"Turkey","19","397.0"
"Turkey","19","394.1"
"Turkey","19","372.7"
"Turkey","19","368.1"
"Turkey","19","362.6"
"Turkey","19","358.9"
"Turkey","19","346.3"
"Turkey","19","317.1"
"Turkey","19","314.3"
"Turkey","19","299.2"
"Turkey","19","284.1"
"Turkey","19","282.3"
"Turkey","19","250.0"
"Turkey","19","249.9"
"Turkey","19","231.5"
"Switzerland","20","22,996.1"
"Switzerland","20","17,734.1"
"Switzerland","20","4,937.4"
"Switzerland","20","4,223.1"
"Switzerland","20","3,186.9"
"Switzerland","20","3,173.4"
"Switzerland","20","2,937.5"
"Switzerland","20","2,099.9"
"Switzerland","20","1,990.8"
"Switzerland","20","1,798.5"
"Switzerland","20","1,775.8"
"Switzerland","20","1,609.0"
"Switzerland","20","1,542.7"
"Switzerland","20","1,425.3"
"Switzerland","20","1,293.0"
"Switzerland","20","1,186.1"
"Switzerland","20","1,018.0"
"Switzerland","20","833.5"
"Switzerland","20","815.3"
"Switzerland","20","812.9"
"Switzerland","20","674.0"
"Switzerland","20","627.4"
"Switzerland","20","599.9"
"Switzerland","20","506.0"
"Switzerland","20","498.6"
"Switzerland","20","491.5"
"Switzerland","20","482.4"
"Switzerland","20","482.4"
"Switzerland","20","481.6"
"Switzerland","20","477.1"
"Switzerland","20","440.8"
"Switzerland","20","419.9"
"Switzerland","20","416.3"
"Switzerland","20","404.1"
"Switzerland","20","397.1"
"Switzerland","20","397.0"
"Switzerland","20","394.1"
"Switzerland","20","372.7"
"Switzerland","20","368.1"
"Switzerland","20","362.6"
"Switzerland","20","358.9"
"Switzerland","20","346.3"
"Switzerland","20","317.1"
"Switzerland","20","314.3"
"Switzerland","20","299.2"
"Switzerland","20","284.1"
"Switzerland","20","282.3"
"Switzerland","20","250.0"
"Switzerland","20","249.9"
"Switzerland","20","231.5"
"Poland","21","22,996.1"
"Poland","21","17,734.1"
"Poland","21","4,937.4"
"Poland","21","4,223.1"
"Poland","21","3,186.9"
"Poland","21","3,173.4"
"Poland","21","2,937.5"
"Poland","21","2,099.9"
"Poland","21","1,990.8"
"Poland","21","1,798.5"
"Poland","21","1,775.8"
"Poland","21","1,609.0"
"Poland","21","1,542.7"
"Poland","21","1,425.3"
"Poland","21","1,293.0"
"Poland","21","1,186.1"
"Poland","21","1,018.0"
"Poland","21","833.5"
"Poland","21","815.3"
"Poland","21","812.9"
"Poland","21","674.0"
"Poland","21","627.4"
"Poland","21","599.9"
"Poland","21","506.0"
"Poland","21","498.6"
"Poland","21","491.5"
"Poland","21","482.4"
"Poland","21","482.4"
"Poland","21","481.6"
"Poland","21","477.1"
"Poland","21","440.8"
"Poland","21","419.9"
"Poland","21","416.3"
"Poland","21","404.1"
"Poland","21","397.1"
"Poland","21","397.0"
"Poland","21","394.1"
"Poland","21","372.7"
"Poland","21","368.1"
"Poland","21","362.6"
"Poland","21","358.9"
"Poland","21","346.3"
"Poland","21","317.1"
"Poland","21","314.3"
"Poland","21","299.2"
"Poland","21","284.1"
"Poland","21","282.3"
"Poland","21","250.0"
"Poland","21","249.9"
"Poland","21","231.5"
"Sweden","22","22,996.1"
"Sweden","22","17,734.1"
"Sweden","22","4,937.4"
"Sweden","22","4,223.1"
"Sweden","22","3,186.9"
"Sweden","22","3,173.4"
"Sweden","22","2,937.5"
"Sweden","22","2,099.9"
"Sweden","22","1,990.8"
"Sweden","22","1,798.5"
"Sweden","22","1,775.8"
"Sweden","22","1,609.0"
"Sweden","22","1,542.7"
"Sweden","22","1,425.3"
"Sweden","22","1,293.0"
"Sweden","22","1,186.1"
"Sweden","22","1,018.0"
"Sweden","22","833.5"
"Sweden","22","815.3"
"Sweden","22","812.9"
"Sweden","22","674.0"
"Sweden","22","627.4"
"Sweden","22","599.9"
"Sweden","22","506.0"
"Sweden","22","498.6"
"Sweden","22","491.5"
"Sweden","22","482.4"
"Sweden","22","482.4"
"Sweden","22","481.6"
"Sweden","22","477.1"
"Sweden","22","440.8"
"Sweden","22","419.9"
"Sweden","22","416.3"
"Sweden","22","404.1"
"Sweden","22","397.1"
"Sweden","22","397.0"
"Sweden","22","394.1"
"Sweden","22","372.7"
"Sweden","22","368.1"
"Sweden","22","362.6"
"Sweden","22","358.9"
"Sweden","22","346.3"
"Sweden","22","317.1"
"Sweden","22","314.3"
"Sweden","22","299.2"
"Sweden","22","284.1"
"Sweden","22","282.3"
"Sweden","22","250.0"
"Sweden","22","249.9"
"Sweden","22","231.5"
"Belgium","23","22,996.1"
"Belgium","23","17,734.1"
"Belgium","23","4,937.4"
"Belgium","23","4,223.1"
"Belgium","23","3,186.9"
"Belgium","23","3,173.4"
"Belgium","23","2,937.5"
"Belgium","23","2,099.9"
"Belgium","23","1,990.8"
"Belgium","23","1,798.5"
"Belgium","23","1,775.8"
"Belgium","23","1,609.0"
"Belgium","23","1,542.7"
"Belgium","23","1,425.3"
"Belgium","23","1,293.0"
"Belgium","23","1,186.1"
"Belgium","23","1,018.0"
"Belgium","23","833.5"
"Belgium","23","815.3"
"Belgium","23","812.9"
"Belgium","23","674.0"
"Belgium","23","627.4"
"Belgium","23","599.9"
"Belgium","23","506.0"
"Belgium","23","498.6"
"Belgium","23","491.5"
"Belgium","23","482.4"
"Belgium","23","482.4"
"Belgium","23","481.6"
"Belgium","23","477.1"
"Belgium","23","440.8"
"Belgium","23","419.9"
"Belgium","23","416.3"
"Belgium","23","404.1"
"Belgium","23","397.1"
"Belgium","23","397.0"
"Belgium","23","394.1"
"Belgium","23","372.7"
"Belgium","23","368.1"
"Belgium","23","362.6"
"Belgium","23","358.9"
"Belgium","23","346.3"
"Belgium","23","317.1"
"Belgium","23","314.3"
"Belgium","23","299.2"
"Belgium","23","284.1"
"Belgium","23","282.3"
"Belgium","23","250.0"
"Belgium","23","249.9"
"Belgium","23","231.5"
"Thailand","24","22,996.1"
"Thailand","24","17,734.1"
"Thailand","24","4,937.4"
"Thailand","24","4,223.1"
"Thailand","24","3,186.9"
"Thailand","24","3,173.4"
"Thailand","24","2,937.5"
"Thailand","24","2,099.9"
"Thailand","24","1,990.8"
"Thailand","24","1,798.5"
"Thailand","24","1,775.8"
"Thailand","24","1,609.0"
"Thailand","24","1,542.7"
"Thailand","24","1,425.3"
"Thailand","24","1,293.0"
"Thailand","24","1,186.1"
"Thailand","24","1,018.0"
"Thailand","24","833.5"
"Thailand","24","815.3"
"Thailand","24","812.9"
"Thailand","24","674.0"
"Thailand","24","627.4"
"Thailand","24","599.9"
"Thailand","24","506.0"
"Thailand","24","498.6"
"Thailand","24","491.5"
"Thailand","24","482.4"
"Thailand","24","482.4"
"Thailand","24","481.6"
"Thailand","24","477.1"
"Thailand","24","440.8"
"Thailand","24","419.9"
"Thailand","24","416.3"
"Thailand","24","404.1"
"Thailand","24","397.1"
"Thailand","24","397.0"
"Thailand","24","394.1"
"Thailand","24","372.7"
"Thailand","24","368.1"
"Thailand","24","362.6"
"Thailand","24","358.9"
"Thailand","24","346.3"
"Thailand","24","317.1"
"Thailand","24","314.3"
"Thailand","24","299.2"
"Thailand","24","284.1"
"Thailand","24","282.3"
"Thailand","24","250.0"
"Thailand","24","249.9"
"Thailand","24","231.5"
"Ireland","25","22,996.1"
"Ireland","25","17,734.1"
"Ireland","25","4,937.4"
"Ireland","25","4,223.1"
"Ireland","25","3,186.9"
"Ireland","25","3,173.4"
"Ireland","25","2,937.5"
"Ireland","25","2,099.9"
"Ireland","25","1,990.8"
"Ireland","25","1,798.5"
"Ireland","25","1,775.8"
"Ireland","25","1,609.0"
"Ireland","25","1,542.7"
"Ireland","25","1,425.3"
"Ireland","25","1,293.0"
"Ireland","25","1,186.1"
"Ireland","25","1,018.0"
"Ireland","25","833.5"
"Ireland","25","815.3"
"Ireland","25","812.9"
"Ireland","25","674.0"
"Ireland","25","627.4"
"Ireland","25","599.9"
"Ireland","25","506.0"
"Ireland","25","498.6"
"Ireland","25","491.5"
"Ireland","25","482.4"
"Ireland","25","482.4"
"Ireland","25","481.6"
"Ireland","25","477.1"
"Ireland","25","440.8"
"Ireland","25","419.9"
"Ireland","25","416.3"
"Ireland","25","404.1"
"Ireland","25","397.1"
"Ireland","25","397.0"
"Ireland","25","394.1"
"Ireland","25","372.7"
"Ireland","25","368.1"
"Ireland","25","362.6"
"Ireland","25","358.9"
"Ireland","25","346.3"
"Ireland","25","317.1"
"Ireland","25","314.3"
"Ireland","25","299.2"
"Ireland","25","284.1"
"Ireland","25","282.3"
"Ireland","25","250.0"
"Ireland","25","249.9"
"Ireland","25","231.5"
"Argentina","26","22,996.1"
"Argentina","26","17,734.1"
"Argentina","26","4,937.4"
"Argentina","26","4,223.1"
"Argentina","26","3,186.9"
"Argentina","26","3,173.4"
"Argentina","26","2,937.5"
"Argentina","26","2,099.9"
"Argentina","26","1,990.8"
"Argentina","26","1,798.5"
"Argentina","26","1,775.8"
"Argentina","26","1,609.0"
"Argentina","26","1,542.7"
"Argentina","26","1,425.3"
"Argentina","26","1,293.0"
"Argentina","26","1,186.1"
"Argentina","26","1,018.0"
"Argentina","26","833.5"
"Argentina","26","815.3"
"Argentina","26","812.9"
"Argentina","26","674.0"
"Argentina","26","627.4"
"Argentina","26","599.9"
"Argentina","26","506.0"
"Argentina","26","498.6"
"Argentina","26","491.5"
"Argentina","26","482.4"
"Argentina","26","482.4"
"Argentina","26","481.6"
"Argentina","26","477.1"
"Argentina","26","440.8"
"Argentina","26","419.9"
"Argentina","26","416.3"
"Argentina","26","404.1"
"Argentina","26","397.1"
"Argentina","26","397.0"
"Argentina","26","394.1"
"Argentina","26","372.7"
"Argentina","26","368.1"
"Argentina","26","362.6"
"Argentina","26","358.9"
"Argentina","26","346.3"
"Argentina","26","317.1"
"Argentina","26","314.3"
"Argentina","26","299.2"
"Argentina","26","284.1"
"Argentina","26","282.3"
"Argentina","26","250.0"
"Argentina","26","249.9"
"Argentina","26","231.5"
"Norway","27","22,996.1"
"Norway","27","17,734.1"
"Norway","27","4,937.4"
"Norway","27","4,223.1"
"Norway","27","3,186.9"
"Norway","27","3,173.4"
"Norway","27","2,937.5"
"Norway","27","2,099.9"
"Norway","27","1,990.8"
"Norway","27","1,798.5"
"Norway","27","1,775.8"
"Norway","27","1,609.0"
"Norway","27","1,542.7"
"Norway","27","1,425.3"
"Norway","27","1,293.0"
"Norway","27","1,186.1"
"Norway","27","1,018.0"
"Norway","27","833.5"
"Norway","27","815.3"
"Norway","27","812.9"
"Norway","27","674.0"
"Norway","27","627.4"
"Norway","27","599.9"
"Norway","27","506.0"
"Norway","27","498.6"
"Norway","27","491.5"
"Norway","27","482.4"
"Norway","27","482.4"
"Norway","27","481.6"
"Norway","27","477.1"
"Norway","27","440.8"
"Norway","27","419.9"
"Norway","27","416.3"
"Norway","27","404.1"
"Norway","27","397.1"
"Norway","27","397.0"
"Norway","27","394.1"
"Norway","27","372.7"
"Norway","27","368.1"
"Norway","27","362.6"
"Norway","27","358.9"
"Norway","27","346.3"
"Norway","27","317.1"
"Norway","27","314.3"
"Norway","27","299.2"
"Norway","27","284.1"
"Norway","27","282.3"
"Norway","27","250.0"
"Norway","27","249.9"
"Norway","27","231.5"
"Venezuela","28","22,996.1"
"Venezuela","28","17,734.1"
"Venezuela","28","4,937.4"
"Venezuela","28","4,223.1"
"Venezuela","28","3,186.9"
"Venezuela","28","3,173.4"
"Venezuela","28","2,937.5"
"Venezuela","28","2,099.9"
"Venezuela","28","1,990.8"
"Venezuela","28","1,798.5"
"Venezuela","28","1,775.8"
"Venezuela","28","1,609.0"
"Venezuela","28","1,542.7"
"Venezuela","28","1,425.3"
"Venezuela","28","1,293.0"
"Venezuela","28","1,186.1"
"Venezuela","28","1,018.0"
"Venezuela","28","833.5"
"Venezuela","28","815.3"
"Venezuela","28","812.9"
"Venezuela","28","674.0"
"Venezuela","28","627.4"
"Venezuela","28","599.9"
"Venezuela","28","506.0"
"Venezuela","28","498.6"
"Venezuela","28","491.5"
"Venezuela","28","482.4"
"Venezuela","28","482.4"
"Venezuela","28","481.6"
"Venezuela","28","477.1"
"Venezuela","28","440.8"
"Venezuela","28","419.9"
"Venezuela","28","416.3"
"Venezuela","28","404.1"
"Venezuela","28","397.1"
"Venezuela","28","397.0"
"Venezuela","28","394.1"
"Venezuela","28","372.7"
"Venezuela","28","368.1"
"Venezuela","28","362.6"
"Venezuela","28","358.9"
"Venezuela","28","346.3"
"Venezuela","28","317.1"
"Venezuela","28","314.3"
"Venezuela","28","299.2"
"Venezuela","28","284.1"
"Venezuela","28","282.3"
"Venezuela","28","250.0"
"Venezuela","28","249.9"
"Venezuela","28","231.5"
"Israel","29","22,996.1"
"Israel","29","17,734.1"
"Israel","29","4,937.4"
"Israel","29","4,223.1"
"Israel","29","3,186.9"
"Israel","29","3,173.4"
"Israel","29","2,937.5"
"Israel","29","2,099.9"
"Israel","29","1,990.8"
"Israel","29","1,798.5"
"Israel","29","1,775.8"
"Israel","29","1,609.0"
"Israel","29","1,542.7"
"Israel","29","1,425.3"
"Israel","29","1,293.0"
"Israel","29","1,186.1"
"Israel","29","1,018.0"
"Israel","29","833.5"
"Israel","29","815.3"
"Israel","29","812.9"
"Israel","29","674.0"
"Israel","29","627.4"
"Israel","29","599.9"
"Israel","29","506.0"
"Israel","29","498.6"
"Israel","29","491.5"
"Israel","29","482.4"
"Israel","29","482.4"
"Israel","29","481.6"
"Israel","29","477.1"
"Israel","29","440.8"
"Israel","29","419.9"
"Israel","29","416.3"
"Israel","29","404.1"
"Israel","29","397.1"
"Israel","29","397.0"
"Israel","29","394.1"
"Israel","29","372.7"
"Israel","29","368.1"
"Israel","29","362.6"
"Israel","29","358.9"
"Israel","29","346.3"
"Israel","29","317.1"
"Israel","29","314.3"
"Israel","29","299.2"
"Israel","29","284.1"
"Israel","29","282.3"
"Israel","29","250.0"
"Israel","29","249.9"
"Israel","29","231.5"
"Austria","30","22,996.1"
"Austria","30","17,734.1"
"Austria","30","4,937.4"
"Austria","30","4,223.1"
"Austria","30","3,186.9"
"Austria","30","3,173.4"
"Austria","30","2,937.5"
"Austria","30","2,099.9"
"Austria","30","1,990.8"
"Austria","30","1,798.5"
"Austria","30","1,775.8"
"Austria","30","1,609.0"
"Austria","30","1,542.7"
"Austria","30","1,425.3"
"Austria","30","1,293.0"
"Austria","30","1,186.1"
"Austria","30","1,018.0"
"Austria","30","833.5"
"Austria","30","815.3"
"Austria","30","812.9"
"Austria","30","674.0"
"Austria","30","627.4"
"Austria","30","599.9"
"Austria","30","506.0"
"Austria","30","498.6"
"Austria","30","491.5"
"Austria","30","482.4"
"Austria","30","482.4"
"Austria","30","481.6"
"Austria","30","477.1"
"Austria","30","440.8"
"Austria","30","419.9"
"Austria","30","416.3"
"Austria","30","404.1"
"Austria","30","397.1"
"Austria","30","397.0"
"Austria","30","394.1"
"Austria","30","372.7"
"Austria","30","368.1"
"Austria","30","362.6"
"Austria","30","358.9"
"Austria","30","346.3"
"Austria","30","317.1"
"Austria","30","314.3"
"Austria","30","299.2"
"Austria","30","284.1"
"Austria","30","282.3"
"Austria","30","250.0"
"Austria","30","249.9"
"Austria","30","231.5"
"Nigeria","31","22,996.1"
"Nigeria","31","17,734.1"
"Nigeria","31","4,937.4"
"Nigeria","31","4,223.1"
"Nigeria","31","3,186.9"
"Nigeria","31","3,173.4"
"Nigeria","31","2,937.5"
"Nigeria","31","2,099.9"
"Nigeria","31","1,990.8"
"Nigeria","31","1,798.5"
"Nigeria","31","1,775.8"
"Nigeria","31","1,609.0"
"Nigeria","31","1,542.7"
"Nigeria","31","1,425.3"
"Nigeria","31","1,293.0"
"Nigeria","31","1,186.1"
"Nigeria","31","1,018.0"
"Nigeria","31","833.5"
"Nigeria","31","815.3"
"Nigeria","31","812.9"
"Nigeria","31","674.0"
"Nigeria","31","627.4"
"Nigeria","31","599.9"
"Nigeria","31","506.0"
"Nigeria","31","498.6"
"Nigeria","31","491.5"
"Nigeria","31","482.4"
"Nigeria","31","482.4"
"Nigeria","31","481.6"
"Nigeria","31","477.1"
"Nigeria","31","440.8"
"Nigeria","31","419.9"
"Nigeria","31","416.3"
"Nigeria","31","404.1"
"Nigeria","31","397.1"
"Nigeria","31","397.0"
"Nigeria","31","394.1"
"Nigeria","31","372.7"
"Nigeria","31","368.1"
"Nigeria","31","362.6"
"Nigeria","31","358.9"
"Nigeria","31","346.3"
"Nigeria","31","317.1"
"Nigeria","31","314.3"
"Nigeria","31","299.2"
"Nigeria","31","284.1"
"Nigeria","31","282.3"
"Nigeria","31","250.0"
"Nigeria","31","249.9"
"Nigeria","31","231.5"
"South Africa","32","22,996.1"
"South Africa","32","17,734.1"
"South Africa","32","4,937.4"
"South Africa","32","4,223.1"
"South Africa","32","3,186.9"
"South Africa","32","3,173.4"
"South Africa","32","2,937.5"
"South Africa","32","2,099.9"
"South Africa","32","1,990.8"
"South Africa","32","1,798.5"
"South Africa","32","1,775.8"
"South Africa","32","1,609.0"
"South Africa","32","1,542.7"
"South Africa","32","1,425.3"
"South Africa","32","1,293.0"
"South Africa","32","1,186.1"
"South Africa","32","1,018.0"
"South Africa","32","833.5"
"South Africa","32","815.3"
"South Africa","32","812.9"
"South Africa","32","674.0"
"South Africa","32","627.4"
"South Africa","32","599.9"
"South Africa","32","506.0"
"South Africa","32","498.6"
"South Africa","32","491.5"
"South Africa","32","482.4"
"South Africa","32","482.4"
"South Africa","32","481.6"
"South Africa","32","477.1"
"South Africa","32","440.8"
"South Africa","32","419.9"
"South Africa","32","416.3"
"South Africa","32","404.1"
"South Africa","32","397.1"
"South Africa","32","397.0"
"South Africa","32","394.1"
"South Africa","32","372.7"
"South Africa","32","368.1"
"South Africa","32","362.6"
"South Africa","32","358.9"
"South Africa","32","346.3"
"South Africa","32","317.1"
"South Africa","32","314.3"
"South Africa","32","299.2"
"South Africa","32","284.1"
"South Africa","32","282.3"
"South Africa","32","250.0"
"South Africa","32","249.9"
"South Africa","32","231.5"
"Bangladesh","33","22,996.1"
"Bangladesh","33","17,734.1"
"Bangladesh","33","4,937.4"
"Bangladesh","33","4,223.1"
"Bangladesh","33","3,186.9"
"Bangladesh","33","3,173.4"
"Bangladesh","33","2,937.5"
"Bangladesh","33","2,099.9"
"Bangladesh","33","1,990.8"
"Bangladesh","33","1,798.5"
"Bangladesh","33","1,775.8"
"Bangladesh","33","1,609.0"
"Bangladesh","33","1,542.7"
"Bangladesh","33","1,425.3"
"Bangladesh","33","1,293.0"
"Bangladesh","33","1,186.1"
"Bangladesh","33","1,018.0"
"Bangladesh","33","833.5"
"Bangladesh","33","815.3"
"Bangladesh","33","812.9"
"Bangladesh","33","674.0"
"Bangladesh","33","627.4"
"Bangladesh","33","599.9"
"Bangladesh","33","506.0"
"Bangladesh","33","498.6"
"Bangladesh","33","491.5"
"Bangladesh","33","482.4"
"Bangladesh","33","482.4"
"Bangladesh","33","481.6"
"Bangladesh","33","477.1"
"Bangladesh","33","440.8"
"Bangladesh","33","419.9"
"Bangladesh","33","416.3"
"Bangladesh","33","404.1"
"Bangladesh","33","397.1"
"Bangladesh","33","397.0"
"Bangladesh","33","394.1"
"Bangladesh","33","372.7"
"Bangladesh","33","368.1"
"Bangladesh","33","362.6"
"Bangladesh","33","358.9"
"Bangladesh","33","346.3"
"Bangladesh","33","317.1"
"Bangladesh","33","314.3"
"Bangladesh","33","299.2"
"Bangladesh","33","284.1"
"Bangladesh","33","282.3"
"Bangladesh","33","250.0"
"Bangladesh","33","249.9"
"Bangladesh","33","231.5"
"Egypt","34","22,996.1"
"Egypt","34","17,734.1"
"Egypt","34","4,937.4"
"Egypt","34","4,223.1"
"Egypt","34","3,186.9"
"Egypt","34","3,173.4"
"Egypt","34","2,937.5"
"Egypt","34","2,099.9"
"Egypt","34","1,990.8"
"Egypt","34","1,798.5"
"Egypt","34","1,775.8"
"Egypt","34","1,609.0"
"Egypt","34","1,542.7"
"Egypt","34","1,425.3"
"Egypt","34","1,293.0"
"Egypt","34","1,186.1"
"Egypt","34","1,018.0"
"Egypt","34","833.5"
"Egypt","34","815.3"
"Egypt","34","812.9"
"Egypt","34","674.0"
"Egypt","34","627.4"
"Egypt","34","599.9"
"Egypt","34","506.0"
"Egypt","34","498.6"
"Egypt","34","491.5"
"Egypt","34","482.4"
"Egypt","34","482.4"
"Egypt","34","481.6"
"Egypt","34","477.1"
"Egypt","34","440.8"
"Egypt","34","419.9"
"Egypt","34","416.3"
"Egypt","34","404.1"
"Egypt","34","397.1"
"Egypt","34","397.0"
"Egypt","34","394.1"
"Egypt","34","372.7"
"Egypt","34","368.1"
"Egypt","34","362.6"
"Egypt","34","358.9"
"Egypt","34","346.3"
"Egypt","34","317.1"
"Egypt","34","314.3"
"Egypt","34","299.2"
"Egypt","34","284.1"
"Egypt","34","282.3"
"Egypt","34","250.0"
"Egypt","34","249.9"
"Egypt","34","231.5"
"Denmark","35","22,996.1"
"Denmark","35","17,734.1"
"Denmark","35","4,937.4"
"Denmark","35","4,223.1"
"Denmark","35","3,186.9"
"Denmark","35","3,173.4"
"Denmark","35","2,937.5"
"Denmark","35","2,099.9"
"Denmark","35","1,990.8"
"Denmark","35","1,798.5"
"Denmark","35","1,775.8"
"Denmark","35","1,609.0"
"Denmark","35","1,542.7"
"Denmark","35","1,425.3"
"Denmark","35","1,293.0"
"Denmark","35","1,186.1"
"Denmark","35","1,018.0"
"Denmark","35","833.5"
"Denmark","35","815.3"
"Denmark","35","812.9"
"Denmark","35","674.0"
"Denmark","35","627.4"
"Denmark","35","599.9"
"Denmark","35","506.0"
"Denmark","35","498.6"
"Denmark","35","491.5"
"Denmark","35","482.4"
"Denmark","35","482.4"
"Denmark","35","481.6"
"Denmark","35","477.1"
"Denmark","35","440.8"
"Denmark","35","419.9"
"Denmark","35","416.3"
"Denmark","35","404.1"
"Denmark","35","397.1"
"Denmark","35","397.0"
"Denmark","35","394.1"
"Denmark","35","372.7"
"Denmark","35","368.1"
"Denmark","35","362.6"
"Denmark","35","358.9"
"Denmark","35","346.3"
"Denmark","35","317.1"
"Denmark","35","314.3"
"Denmark","35","299.2"
"Denmark","35","284.1"
"Denmark","35","282.3"
"Denmark","35","250.0"
"Denmark","35","249.9"
"Denmark","35","231.5"
"Singapore","36","22,996.1"
"Singapore","36","17,734.1"
"Singapore","36","4,937.4"
"Singapore","36","4,223.1"
"Singapore","36","3,186.9"
"Singapore","36","3,173.4"
"Singapore","36","2,937.5"
"Singapore","36","2,099.9"
"Singapore","36","1,990.8"
"Singapore","36","1,798.5"
"Singapore","36","1,775.8"
"Singapore","36","1,609.0"
"Singapore","36","1,542.7"
"Singapore","36","1,425.3"
"Singapore","36","1,293.0"
"Singapore","36","1,186.1"
"Singapore","36","1,018.0"
"Singapore","36","833.5"
"Singapore","36","815.3"
"Singapore","36","812.9"
"Singapore","36","674.0"
"Singapore","36","627.4"
"Singapore","36","599.9"
"Singapore","36","506.0"
"Singapore","36","498.6"
"Singapore","36","491.5"
"Singapore","36","482.4"
"Singapore","36","482.4"
"Singapore","36","481.6"
"Singapore","36","477.1"
"Singapore","36","440.8"
"Singapore","36","419.9"
"Singapore","36","416.3"
"Singapore","36","404.1"
"Singapore","36","397.1"
"Singapore","36","397.0"
"Singapore","36","394.1"
"Singapore","36","372.7"
"Singapore","36","368.1"
"Singapore","36","362.6"
"Singapore","36","358.9"
"Singapore","36","346.3"
"Singapore","36","317.1"
"Singapore","36","314.3"
"Singapore","36","299.2"
"Singapore","36","284.1"
"Singapore","36","282.3"
"Singapore","36","250.0"
"Singapore","36","249.9"
"Singapore","36","231.5"
"Philippines","37","22,996.1"
"Philippines","37","17,734.1"
"Philippines","37","4,937.4"
"Philippines","37","4,223.1"
"Philippines","37","3,186.9"
"Philippines","37","3,173.4"
"Philippines","37","2,937.5"
"Philippines","37","2,099.9"
"Philippines","37","1,990.8"
"Philippines","37","1,798.5"
"Philippines","37","1,775.8"
"Philippines","37","1,609.0"
"Philippines","37","1,542.7"
"Philippines","37","1,425.3"
"Philippines","37","1,293.0"
"Philippines","37","1,186.1"
"Philippines","37","1,018.0"
"Philippines","37","833.5"
"Philippines","37","815.3"
"Philippines","37","812.9"
"Philippines","37","674.0"
"Philippines","37","627.4"
"Philippines","37","599.9"
"Philippines","37","506.0"
"Philippines","37","498.6"
"Philippines","37","491.5"
"Philippines","37","482.4"
"Philippines","37","482.4"
"Philippines","37","481.6"
"Philippines","37","477.1"
"Philippines","37","440.8"
"Philippines","37","419.9"
"Philippines","37","416.3"
"Philippines","37","404.1"
"Philippines","37","397.1"
"Philippines","37","397.0"
"Philippines","37","394.1"
"Philippines","37","372.7"
"Philippines","37","368.1"
"Philippines","37","362.6"
"Philippines","37","358.9"
"Philippines","37","346.3"
"Philippines","37","317.1"
"Philippines","37","314.3"
"Philippines","37","299.2"
"Philippines","37","284.1"
"Philippines","37","282.3"
"Philippines","37","250.0"
"Philippines","37","249.9"
"Philippines","37","231.5"
"Malaysia","38","22,996.1"
"Malaysia","38","17,734.1"
"Malaysia","38","4,937.4"
"Malaysia","38","4,223.1"
"Malaysia","38","3,186.9"
"Malaysia","38","3,173.4"
"Malaysia","38","2,937.5"
"Malaysia","38","2,099.9"
"Malaysia","38","1,990.8"
"Malaysia","38","1,798.5"
"Malaysia","38","1,775.8"
"Malaysia","38","1,609.0"
"Malaysia","38","1,542.7"
"Malaysia","38","1,425.3"
"Malaysia","38","1,293.0"
"Malaysia","38","1,186.1"
"Malaysia","38","1,018.0"
"Malaysia","38","833.5"
"Malaysia","38","815.3"
"Malaysia","38","812.9"
"Malaysia","38","674.0"
"Malaysia","38","627.4"
"Malaysia","38","599.9"
"Malaysia","38","506.0"
"Malaysia","38","498.6"
"Malaysia","38","491.5"
"Malaysia","38","482.4"
"Malaysia","38","482.4"
"Malaysia","38","481.6"
"Malaysia","38","477.1"
"Malaysia","38","440.8"
"Malaysia","38","419.9"
"Malaysia","38","416.3"
"Malaysia","38","404.1"
"Malaysia","38","397.1"
"Malaysia","38","397.0"
"Malaysia","38","394.1"
"Malaysia","38","372.7"
"Malaysia","38","368.1"
"Malaysia","38","362.6"
"Malaysia","38","358.9"
"Malaysia","38","346.3"
"Malaysia","38","317.1"
"Malaysia","38","314.3"
"Malaysia","38","299.2"
"Malaysia","38","284.1"
"Malaysia","38","282.3"
"Malaysia","38","250.0"
"Malaysia","38","249.9"
"Malaysia","38","231.5"
"Hong Kong","39","22,996.1"
"Hong Kong","39","17,734.1"
"Hong Kong","39","4,937.4"
"Hong Kong","39","4,223.1"
"Hong Kong","39","3,186.9"
"Hong Kong","39","3,173.4"
"Hong Kong","39","2,937.5"
"Hong Kong","39","2,099.9"
"Hong Kong","39","1,990.8"
"Hong Kong","39","1,798.5"
"Hong Kong","39","1,775.8"
"Hong Kong","39","1,609.0"
"Hong Kong","39","1,542.7"
"Hong Kong","39","1,425.3"
"Hong Kong","39","1,293.0"
"Hong Kong","39","1,186.1"
"Hong Kong","39","1,018.0"
"Hong Kong","39","833.5"
"Hong Kong","39","815.3"
"Hong Kong","39","812.9"
"Hong Kong","39","674.0"
"Hong Kong","39","627.4"
"Hong Kong","39","599.9"
"Hong Kong","39","506.0"
"Hong Kong","39","498.6"
"Hong Kong","39","491.5"
"Hong Kong","39","482.4"
"Hong Kong","39","482.4"
"Hong Kong","39","481.6"
"Hong Kong","39","477.1"
"Hong Kong","39","440.8"
"Hong Kong","39","419.9"
"Hong Kong","39","416.3"
"Hong Kong","39","404.1"
"Hong Kong","39","397.1"
"Hong Kong","39","397.0"
"Hong Kong","39","394.1"
"Hong Kong","39","372.7"
"Hong Kong","39","368.1"
"Hong Kong","39","362.6"
"Hong Kong","39","358.9"
"Hong Kong","39","346.3"
"Hong Kong","39","317.1"
"Hong Kong","39","314.3"
"Hong Kong","39","299.2"
"Hong Kong","39","284.1"
"Hong Kong","39","282.3"
"Hong Kong","39","250.0"
"Hong Kong","39","249.9"
"Hong Kong","39","231.5"
"Vietnam","40","22,996.1"
"Vietnam","40","17,734.1"
"Vietnam","40","4,937.4"
"Vietnam","40","4,223.1"
"Vietnam","40","3,186.9"
"Vietnam","40","3,173.4"
"Vietnam","40","2,937.5"
"Vietnam","40","2,099.9"
"Vietnam","40","1,990.8"
"Vietnam","40","1,798.5"
"Vietnam","40","1,775.8"
"Vietnam","40","1,609.0"
"Vietnam","40","1,542.7"
"Vietnam","40","1,425.3"
"Vietnam","40","1,293.0"
"Vietnam","40","1,186.1"
"Vietnam","40","1,018.0"
"Vietnam","40","833.5"
"Vietnam","40","815.3"
"Vietnam","40","812.9"
"Vietnam","40","674.0"
"Vietnam","40","627.4"
"Vietnam","40","599.9"
"Vietnam","40","506.0"
"Vietnam","40","498.6"
"Vietnam","40","491.5"
"Vietnam","40","482.4"
"Vietnam","40","482.4"
"Vietnam","40","481.6"
"Vietnam","40","477.1"
"Vietnam","40","440.8"
"Vietnam","40","419.9"
"Vietnam","40","416.3"
"Vietnam","40","404.1"
"Vietnam","40","397.1"
"Vietnam","40","397.0"
"Vietnam","40","394.1"
"Vietnam","40","372.7"
"Vietnam","40","368.1"
"Vietnam","40","362.6"
"Vietnam","40","358.9"
"Vietnam","40","346.3"
"Vietnam","40","317.1"
"Vietnam","40","314.3"
"Vietnam","40","299.2"
"Vietnam","40","284.1"
"Vietnam","40","282.3"
"Vietnam","40","250.0"
"Vietnam","40","249.9"
"Vietnam","40","231.5"
"United Arab Emirates","41","22,996.1"
"United Arab Emirates","41","17,734.1"
"United Arab Emirates","41","4,937.4"
"United Arab Emirates","41","4,223.1"
"United Arab Emirates","41","3,186.9"
"United Arab Emirates","41","3,173.4"
"United Arab Emirates","41","2,937.5"
"United Arab Emirates","41","2,099.9"
"United Arab Emirates","41","1,990.8"
"United Arab Emirates","41","1,798.5"
"United Arab Emirates","41","1,775.8"
"United Arab Emirates","41","1,609.0"
"United Arab Emirates","41","1,542.7"
"United Arab Emirates","41","1,425.3"
"United Arab Emirates","41","1,293.0"
"United Arab Emirates","41","1,186.1"
"United Arab Emirates","41","1,018.0"
"United Arab Emirates","41","833.5"
"United Arab Emirates","41","815.3"
"United Arab Emirates","41","812.9"
"United Arab Emirates","41","674.0"
"United Arab Emirates","41","627.4"
"United Arab Emirates","41","599.9"
"United Arab Emirates","41","506.0"
"United Arab Emirates","41","498.6"
"United Arab Emirates","41","491.5"
"United Arab Emirates","41","482.4"
"United Arab Emirates","41","482.4"
"United Arab Emirates","41","481.6"
"United Arab Emirates","41","477.1"
"United Arab Emirates","41","440.8"
"United Arab Emirates","41","419.9"
"United Arab Emirates","41","416.3"
"United Arab Emirates","41","404.1"
"United Arab Emirates","41","397.1"
"United Arab Emirates","41","397.0"
"United Arab Emirates","41","394.1"
"United Arab Emirates","41","372.7"
"United Arab Emirates","41","368.1"
"United Arab Emirates","41","362.6"
"United Arab Emirates","41","358.9"
"United Arab Emirates","41","346.3"
"United Arab Emirates","41","317.1"
"United Arab Emirates","41","314.3"
"United Arab Emirates","41","299.2"
"United Arab Emirates","41","284.1"
"United Arab Emirates","41","282.3"
"United Arab Emirates","41","250.0"
"United Arab Emirates","41","249.9"
"United Arab Emirates","41","231.5"
"Pakistan","42","22,996.1"
"Pakistan","42","17,734.1"
"Pakistan","42","4,937.4"
"Pakistan","42","4,223.1"
"Pakistan","42","3,186.9"
"Pakistan","42","3,173.4"
"Pakistan","42","2,937.5"
"Pakistan","42","2,099.9"
"Pakistan","42","1,990.8"
"Pakistan","42","1,798.5"
"Pakistan","42","1,775.8"
"Pakistan","42","1,609.0"
"Pakistan","42","1,542.7"
"Pakistan","42","1,425.3"
"Pakistan","42","1,293.0"
"Pakistan","42","1,186.1"
"Pakistan","42","1,018.0"
"Pakistan","42","833.5"
"Pakistan","42","815.3"
"Pakistan","42","812.9"
"Pakistan","42","674.0"
"Pakistan","42","627.4"
"Pakistan","42","599.9"
"Pakistan","42","506.0"
"Pakistan","42","498.6"
"Pakistan","42","491.5"
"Pakistan","42","482.4"
"Pakistan","42","482.4"
"Pakistan","42","481.6"
"Pakistan","42","477.1"
"Pakistan","42","440.8"
"Pakistan","42","419.9"
"Pakistan","42","416.3"
"Pakistan","42","404.1"
"Pakistan","42","397.1"
"Pakistan","42","397.0"
"Pakistan","42","394.1"
"Pakistan","42","372.7"
"Pakistan","42","368.1"
"Pakistan","42","362.6"
"Pakistan","42","358.9"
"Pakistan","42","346.3"
"Pakistan","42","317.1"
"Pakistan","42","314.3"
"Pakistan","42","299.2"
"Pakistan","42","284.1"
"Pakistan","42","282.3"
"Pakistan","42","250.0"
"Pakistan","42","249.9"
"Pakistan","42","231.5"
"Chile","43","22,996.1"
"Chile","43","17,734.1"
"Chile","43","4,937.4"
"Chile","43","4,223.1"
"Chile","43","3,186.9"
"Chile","43","3,173.4"
"Chile","43","2,937.5"
"Chile","43","2,099.9"
"Chile","43","1,990.8"
"Chile","43","1,798.5"
"Chile","43","1,775.8"
"Chile","43","1,609.0"
"Chile","43","1,542.7"
"Chile","43","1,425.3"
"Chile","43","1,293.0"
"Chile","43","1,186.1"
"Chile","43","1,018.0"
"Chile","43","833.5"
"Chile","43","815.3"
"Chile","43","812.9"
"Chile","43","674.0"
"Chile","43","627.4"
"Chile","43","599.9"
"Chile","43","506.0"
"Chile","43","498.6"
"Chile","43","491.5"
"Chile","43","482.4"
"Chile","43","482.4"
"Chile","43","481.6"
"Chile","43","477.1"
"Chile","43","440.8"
"Chile","43","419.9"
"Chile","43","416.3"
"Chile","43","404.1"
"Chile","43","397.1"
"Chile","43","397.0"
"Chile","43","394.1"
"Chile","43","372.7"
"Chile","43","368.1"
"Chile","43","362.6"
"Chile","43","358.9"
"Chile","43","346.3"
"Chile","43","317.1"
"Chile","43","314.3"
"Chile","43","299.2"
"Chile","43","284.1"
"Chile","43","282.3"
"Chile","43","250.0"
"Chile","43","249.9"
"Chile","43","231.5"
"Colombia","44","22,996.1"
"Colombia","44","17,734.1"
"Colombia","44","4,937.4"
"Colombia","44","4,223.1"
"Colombia","44","3,186.9"
"Colombia","44","3,173.4"
"Colombia","44","2,937.5"
"Colombia","44","2,099.9"
"Colombia","44","1,990.8"
"Colombia","44","1,798.5"
"Colombia","44","1,775.8"
"Colombia","44","1,609.0"
"Colombia","44","1,542.7"
"Colombia","44","1,425.3"
"Colombia","44","1,293.0"
"Colombia","44","1,186.1"
"Colombia","44","1,018.0"
"Colombia","44","833.5"
"Colombia","44","815.3"
"Colombia","44","812.9"
"Colombia","44","674.0"
"Colombia","44","627.4"
"Colombia","44","599.9"
"Colombia","44","506.0"
"Colombia","44","498.6"
"Colombia","44","491.5"
"Colombia","44","482.4"
"Colombia","44","482.4"
"Colombia","44","481.6"
"Colombia","44","477.1"
"Colombia","44","440.8"
"Colombia","44","419.9"
"Colombia","44","416.3"
"Colombia","44","404.1"
"Colombia","44","397.1"
"Colombia","44","397.0"
"Colombia","44","394.1"
"Colombia","44","372.7"
"Colombia","44","368.1"
"Colombia","44","362.6"
"Colombia","44","358.9"
"Colombia","44","346.3"
"Colombia","44","317.1"
"Colombia","44","314.3"
"Colombia","44","299.2"
"Colombia","44","284.1"
"Colombia","44","282.3"
"Colombia","44","250.0"
"Colombia","44","249.9"
"Colombia","44","231.5"
"Finland","45","22,996.1"
"Finland","45","17,734.1"
"Finland","45","4,937.4"
"Finland","45","4,223.1"
"Finland","45","3,186.9"
"Finland","45","3,173.4"
"Finland","45","2,937.5"
"Finland","45","2,099.9"
"Finland","45","1,990.8"
"Finland","45","1,798.5"
"Finland","45","1,775.8"
"Finland","45","1,609.0"
"Finland","45","1,542.7"
"Finland","45","1,425.3"
"Finland","45","1,293.0"
"Finland","45","1,186.1"
"Finland","45","1,018.0"
"Finland","45","833.5"
"Finland","45","815.3"
"Finland","45","812.9"
"Finland","45","674.0"
"Finland","45","627.4"
"Finland","45","599.9"
"Finland","45","506.0"
"Finland","45","498.6"
"Finland","45","491.5"
"Finland","45","482.4"
"Finland","45","482.4"
"Finland","45","481.6"
"Finland","45","477.1"
"Finland","45","440.8"
"Finland","45","419.9"
"Finland","45","416.3"
"Finland","45","404.1"
"Finland","45","397.1"
"Finland","45","397.0"
"Finland","45","394.1"
"Finland","45","372.7"
"Finland","45","368.1"
"Finland","45","362.6"
"Finland","45","358.9"
"Finland","45","346.3"
"Finland","45","317.1"
"Finland","45","314.3"
"Finland","45","299.2"
"Finland","45","284.1"
"Finland","45","282.3"
"Finland","45","250.0"
"Finland","45","249.9"
"Finland","45","231.5"
"Romania","46","22,996.1"
"Romania","46","17,734.1"
"Romania","46","4,937.4"
"Romania","46","4,223.1"
"Romania","46","3,186.9"
"Romania","46","3,173.4"
"Romania","46","2,937.5"
"Romania","46","2,099.9"
"Romania","46","1,990.8"
"Romania","46","1,798.5"
"Romania","46","1,775.8"
"Romania","46","1,609.0"
"Romania","46","1,542.7"
"Romania","46","1,425.3"
"Romania","46","1,293.0"
"Romania","46","1,186.1"
"Romania","46","1,018.0"
"Romania","46","833.5"
"Romania","46","815.3"
"Romania","46","812.9"
"Romania","46","674.0"
"Romania","46","627.4"
"Romania","46","599.9"
"Romania","46","506.0"
"Romania","46","498.6"
"Romania","46","491.5"
"Romania","46","482.4"
"Romania","46","482.4"
"Romania","46","481.6"
"Romania","46","477.1"
"Romania","46","440.8"
"Romania","46","419.9"
"Romania","46","416.3"
"Romania","46","404.1"
"Romania","46","397.1"
"Romania","46","397.0"
"Romania","46","394.1"
"Romania","46","372.7"
"Romania","46","368.1"
"Romania","46","362.6"
"Romania","46","358.9"
"Romania","46","346.3"
"Romania","46","317.1"
"Romania","46","314.3"
"Romania","46","299.2"
"Romania","46","284.1"
"Romania","46","282.3"
"Romania","46","250.0"
"Romania","46","249.9"
"Romania","46","231.5"
"Czechia","47","22,996.1"
"Czechia","47","17,734.1"
"Czechia","47","4,937.4"
"Czechia","47","4,223.1"
"Czechia","47","3,186.9"
"Czechia","47","3,173.4"
"Czechia","47","2,937.5"
"Czechia","47","2,099.9"
"Czechia","47","1,990.8"
"Czechia","47","1,798.5"
"Czechia","47","1,775.8"
"Czechia","47","1,609.0"
"Czechia","47","1,542.7"
"Czechia","47","1,425.3"
"Czechia","47","1,293.0"
"Czechia","47","1,186.1"
"Czechia","47","1,018.0"
"Czechia","47","833.5"
"Czechia","47","815.3"
"Czechia","47","812.9"
"Czechia","47","674.0"
"Czechia","47","627.4"
"Czechia","47","599.9"
"Czechia","47","506.0"
"Czechia","47","498.6"
"Czechia","47","491.5"
"Czechia","47","482.4"
"Czechia","47","482.4"
"Czechia","47","481.6"
"Czechia","47","477.1"
"Czechia","47","440.8"
"Czechia","47","419.9"
"Czechia","47","416.3"
"Czechia","47","404.1"
"Czechia","47","397.1"
"Czechia","47","397.0"
"Czechia","47","394.1"
"Czechia","47","372.7"
"Czechia","47","368.1"
"Czechia","47","362.6"
"Czechia","47","358.9"
"Czechia","47","346.3"
"Czechia","47","317.1"
"Czechia","47","314.3"
"Czechia","47","299.2"
"Czechia","47","284.1"
"Czechia","47","282.3"
"Czechia","47","250.0"
"Czechia","47","249.9"
"Czechia","47","231.5"
"New Zealand","48","22,996.1"
"New Zealand","48","17,734.1"
"New Zealand","48","4,937.4"
"New Zealand","48","4,223.1"
"New Zealand","48","3,186.9"
"New Zealand","48","3,173.4"
"New Zealand","48","2,937.5"
"New Zealand","48","2,099.9"
"New Zealand","48","1,990.8"
"New Zealand","48","1,798.5"
"New Zealand","48","1,775.8"
"New Zealand","48","1,609.0"
"New Zealand","48","1,542.7"
"New Zealand","48","1,425.3"
"New Zealand","48","1,293.0"
"New Zealand","48","1,186.1"
"New Zealand","48","1,018.0"
"New Zealand","48","833.5"
"New Zealand","48","815.3"
"New Zealand","48","812.9"
"New Zealand","48","674.0"
"New Zealand","48","627.4"
"New Zealand","48","599.9"
"New Zealand","48","506.0"
"New Zealand","48","498.6"
"New Zealand","48","491.5"
"New Zealand","48","482.4"
"New Zealand","48","482.4"
"New Zealand","48","481.6"
"New Zealand","48","477.1"
"New Zealand","48","440.8"
"New Zealand","48","419.9"
"New Zealand","48","416.3"
"New Zealand","48","404.1"
"New Zealand","48","397.1"
"New Zealand","48","397.0"
"New Zealand","48","394.1"
"New Zealand","48","372.7"
"New Zealand","48","368.1"
"New Zealand","48","362.6"
"New Zealand","48","358.9"
"New Zealand","48","346.3"
"New Zealand","48","317.1"
"New Zealand","48","314.3"
"New Zealand","48","299.2"
"New Zealand","48","284.1"
"New Zealand","48","282.3"
"New Zealand","48","250.0"
"New Zealand","48","249.9"
"New Zealand","48","231.5"
"Portugal","49","22,996.1"
"Portugal","49","17,734.1"
"Portugal","49","4,937.4"
"Portugal","49","4,223.1"
"Portugal","49","3,186.9"
"Portugal","49","3,173.4"
"Portugal","49","2,937.5"
"Portugal","49","2,099.9"
"Portugal","49","1,990.8"
"Portugal","49","1,798.5"
"Portugal","49","1,775.8"
"Portugal","49","1,609.0"
"Portugal","49","1,542.7"
"Portugal","49","1,425.3"
"Portugal","49","1,293.0"
"Portugal","49","1,186.1"
"Portugal","49","1,018.0"
"Portugal","49","833.5"
"Portugal","49","815.3"
"Portugal","49","812.9"
"Portugal","49","674.0"
"Portugal","49","627.4"
"Portugal","49","599.9"
"Portugal","49","506.0"
"Portugal","49","498.6"
"Portugal","49","491.5"
"Portugal","49","482.4"
"Portugal","49","482.4"
"Portugal","49","481.6"
"Portugal","49","477.1"
"Portugal","49","440.8"
"Portugal","49","419.9"
"Portugal","49","416.3"
"Portugal","49","404.1"
"Portugal","49","397.1"
"Portugal","49","397.0"
"Portugal","49","394.1"
"Portugal","49","372.7"
"Portugal","49","368.1"
"Portugal","49","362.6"
"Portugal","49","358.9"
"Portugal","49","346.3"
"Portugal","49","317.1"
"Portugal","49","314.3"
"Portugal","49","299.2"
"Portugal","49","284.1"
"Portugal","49","282.3"
"Portugal","49","250.0"
"Portugal","49","249.9"
"Portugal","49","231.5"
"Iran","50","22,996.1"
"Iran","50","17,734.1"
"Iran","50","4,937.4"
"Iran","50","4,223.1"
"Iran","50","3,186.9"
"Iran","50","3,173.4"
"Iran","50","2,937.5"
"Iran","50","2,099.9"
"Iran","50","1,990.8"
"Iran","50","1,798.5"
"Iran","50","1,775.8"
"Iran","50","1,609.0"
"Iran","50","1,542.7"
"Iran","50","1,425.3"
"Iran","50","1,293.0"
"Iran","50","1,186.1"
"Iran","50","1,018.0"
"Iran","50","833.5"
"Iran","50","815.3"
"Iran","50","812.9"
"Iran","50","674.0"
"Iran","50","627.4"
"Iran","50","599.9"
"Iran","50","506.0"
"Iran","50","498.6"
"Iran","50","491.5"
"Iran","50","482.4"
"Iran","50","482.4"
"Iran","50","481.6"
"Iran","50","477.1"
"Iran","50","440.8"
"Iran","50","419.9"
"Iran","50","416.3"
"Iran","50","404.1"
"Iran","50","397.1"
"Iran","50","397.0"
"Iran","50","394.1"
"Iran","50","372.7"
"Iran","50","368.1"
"Iran","50","362.6"
"Iran","50","358.9"
"Iran","50","346.3"
"Iran","50","317.1"
"Iran","50","314.3"
"Iran","50","299.2"
"Iran","50","284.1"
"Iran","50","282.3"
"Iran","50","250.0"
"Iran","50","249.9"
"Iran","50","231.5"
